Category,Question,Answer,Choice 1,Choice 2,Choice 3
A,Question 1,Answer 1,Choice 1-1,Choice 2-1,Choice 3-1
A,Question 2,Answer 2,Choice 1-2,Choice 2-2,Choice 3-2
A,Question 3,Answer 3,Choice 1-3,Choice 2-3,Choice 3-3
A,Question 4,Answer 4,Choice 1-4,Choice 2-4,Choice 3-4
A,Question 5,Answer 5,Choice 1-5,Choice 2-5,Choice 3-5
A,Question 6,Answer 6,Choice 1-6,Choice 2-6,Choice 3-6
A,Question 7,Answer 7,Choice 1-7,Choice 2-7,Choice 3-7
A,Question 8,Answer 8,Choice 1-8,Choice 2-8,Choice 3-8
B,Question 9,Answer 9,Choice 1-9,Choice 2-9,Choice 3-9
B,Question 10,Answer 10,Choice 1-10,Choice 2-10,Choice 3-10
B,Question 11,Answer 11,Choice 1-11,Choice 2-11,Choice 3-11
B,Question 12,Answer 12,Choice 1-12,Choice 2-12,Choice 3-12
B,Question 13,Answer 13,Choice 1-13,Choice 2-13,Choice 3-13
C,Question 14,Answer 14,Choice 1-14,Choice 2-14,Choice 3-14
B,Question 15,Answer 15,Choice 1-15,Choice 2-15,Choice 3-15
B,Question 16,Answer 16,Choice 1-16,Choice 2-16,Choice 3-16
B,Question 17,Answer 17,Choice 1-17,Choice 2-17,Choice 3-17
B,Question 18,Answer 18,Choice 1-18,Choice 2-18,Choice 3-18
A,Question 19,Answer 19,Choice 1-19,Choice 2-19,Choice 3-19
C,Question 20,Answer 20,Choice 1-20,Choice 2-20,Choice 3-20
C,Question 21,Answer 21,Choice 1-21,Choice 2-21,Choice 3-21
C,Question 22,Answer 22,Choice 1-22,Choice 2-22,Choice 3-22
C,Question 23,Answer 23,Choice 1-23,Choice 2-23,Choice 3-23
D,Question 24,Answer 24,Choice 1-24,Choice 2-24,Choice 3-24
D,Question 25,Answer 25,Choice 1-25,Choice 2-25,Choice 3-25
D,Question 26,Answer 26,Choice 1-26,Choice 2-26,Choice 3-26
D,Question 27,Answer 27,Choice 1-27,Choice 2-27,Choice 3-27
D,Question 28,Answer 28,Choice 1-28,Choice 2-28,Choice 3-28
C,Question 29,Answer 29,Choice 1-29,Choice 2-29,Choice 3-29
F,Question 30,Answer 30,Choice 1-30,Choice 2-30,Choice 3-30
F,Question 31,Answer 31,Choice 1-31,Choice 2-31,Choice 3-31
F,Question 32,Answer 32,Choice 1-32,Choice 2-32,Choice 3-32
F,Question 33,Answer 33,Choice 1-33,Choice 2-33,Choice 3-33
F,Question 34,Answer 34,Choice 1-34,Choice 2-34,Choice 3-34
D,Question 35,Answer 35,Choice 1-35,Choice 2-35,Choice 3-35
E,Question 36,Answer 36,Choice 1-36,Choice 2-36,Choice 3-36
G,Question 37,Answer 37,Choice 1-37,Choice 2-37,Choice 3-37
G,Question 38,Answer 38,Choice 1-38,Choice 2-38,Choice 3-38
G,Question 39,Answer 39,Choice 1-39,Choice 2-39,Choice 3-39
E,Question 40,Answer 40,Choice 1-40,Choice 2-40,Choice 3-40
E,Question 41,Answer 41,Choice 1-41,Choice 2-41,Choice 3-41
H,Question 42,Answer 42,Choice 1-42,Choice 2-42,Choice 3-42
H,Question 43,Answer 43,Choice 1-43,Choice 2-43,Choice 3-43
H,Question 44,Answer 44,Choice 1-44,Choice 2-44,Choice 3-44
H,Question 45,Answer 45,Choice 1-45,Choice 2-45,Choice 3-45
H,Question 46,Answer 46,Choice 1-46,Choice 2-46,Choice 3-46
B,Question 47,Answer 47,Choice 1-47,Choice 2-47,Choice 3-47
B,Question 48,Answer 48,Choice 1-48,Choice 2-48,Choice 3-48
A,Question 49,Answer 49,Choice 1-49,Choice 2-49,Choice 3-49
C,Question 50,Answer 50,Choice 1-50,Choice 2-50,Choice 3-50